BOATS,YACHTS,HOMES,AUTOS,MOTORCYCLES
buy.boats,buy.yachts,dc.homes,toyota.autos,NewYork.motorcycles
fun.boats,fun.yachts,sfo.homes,honda.autos,racing.motorcycles
x.boats,x.yachts,celebrity.homes,lexus.autos,Virginia.motorcycles
y.boats,y.yachts,decks.homes,california.autos,speed.motorcycles
luv.boats,luv.yachts,vegas.homes,bmw.autos,online.motorcycles
ace.boats,ace.yachts,insurance.homes,electric.autos,service.motorcycles
aim.boats,aim.yachts,ohio.homes,crossover.autos,bikes.motorcycles
tug.boats,tug.yachts,mortgage.homes,fwd.autos,trike.motorcycles
tow.boats,tow.yachts,loan.homes,awd.autos,battery.motorcycles
wow.boats,wow.yachts,warranty.homes,magazine.autos,warranty.motorcycles
dominion.boats,dominion.yachts,timeshare.homes,gps.autos,insurance.motorcycles
rent.boats,rent.yachts,luxury.homes,sedan.autos,promotion.motorcycles
charter.boats,charter.yachts,USA.homes,battery.autos,grandprix.motorcycles
